image_names,class
0.jpg,0
2.jpg,0
4.jpg,0
5.jpg,1
6.jpg,1
8.jpg,1
9.jpg,1
11.jpg,1
14.jpg,1
15.jpg,1
16.jpg,1
17.jpg,1
19.jpg,0
21.jpg,1
23.jpg,1
25.jpg,1
26.jpg,1
27.jpg,1
28.jpg,1
29.jpg,0
30.jpg,1
31.jpg,1
32.jpg,1
34.jpg,1
37.jpg,1
38.jpg,1
39.jpg,1
40.jpg,1
41.jpg,1
42.jpg,1
43.jpg,0
44.jpg,1
45.jpg,1
48.jpg,1
52.jpg,1
53.jpg,1
54.jpg,1
56.jpg,1
58.jpg,0
59.jpg,1
62.jpg,1
65.jpg,1
66.jpg,1
67.jpg,1
68.jpg,1
70.jpg,1
71.jpg,0
72.jpg,1
73.jpg,1
74.jpg,1
75.jpg,1
76.jpg,1
77.jpg,1
78.jpg,1
80.jpg,1
83.jpg,1
85.jpg,1
88.jpg,1
89.jpg,1
90.jpg,1
91.jpg,1
92.jpg,1
93.jpg,1
94.jpg,1
96.jpg,1
97.jpg,1
100.jpg,1
101.jpg,1
102.jpg,1
104.jpg,1
106.jpg,1
107.jpg,1
108.jpg,1
110.jpg,1
111.jpg,0
112.jpg,1
113.jpg,1
114.jpg,1
115.jpg,1
117.jpg,1
118.jpg,0
119.jpg,1
122.jpg,1
123.jpg,1
125.jpg,1
126.jpg,1
127.jpg,1
129.jpg,1
131.jpg,0
132.jpg,1
134.jpg,1
135.jpg,1
136.jpg,1
139.jpg,1
141.jpg,1
142.jpg,1
143.jpg,1
144.jpg,1
146.jpg,1
148.jpg,1
152.jpg,1
153.jpg,1
154.jpg,1
155.jpg,1
156.jpg,1
157.jpg,1
158.jpg,1
159.jpg,1
160.jpg,1
161.jpg,1
164.jpg,0
165.jpg,1
166.jpg,1
167.jpg,1
168.jpg,1
170.jpg,1
172.jpg,1
173.jpg,1
175.jpg,1
177.jpg,1
178.jpg,1
179.jpg,0
180.jpg,1
181.jpg,1
182.jpg,1
183.jpg,1
184.jpg,1
185.jpg,1
186.jpg,1
187.jpg,1
188.jpg,1
189.jpg,1
190.jpg,1
192.jpg,1
193.jpg,1
194.jpg,0
197.jpg,1
198.jpg,1
200.jpg,1
201.jpg,1
203.jpg,1
204.jpg,0
205.jpg,1
208.jpg,1
209.jpg,1
211.jpg,1
212.jpg,1
214.jpg,1
217.jpg,1
221.jpg,0
223.jpg,1
224.jpg,1
225.jpg,1
226.jpg,1
227.jpg,1
228.jpg,1
229.jpg,1
230.jpg,1
231.jpg,1
232.jpg,1
233.jpg,1
234.jpg,1
235.jpg,1
236.jpg,1
237.jpg,1
238.jpg,1
239.jpg,1
241.jpg,1
242.jpg,1
245.jpg,1
246.jpg,1
247.jpg,1
248.jpg,1
249.jpg,0
250.jpg,1
251.jpg,1
252.jpg,1
253.jpg,1
254.jpg,1
255.jpg,1
256.jpg,1
257.jpg,0
258.jpg,1
259.jpg,1
260.jpg,1
261.jpg,1
263.jpg,1
264.jpg,0
265.jpg,1
266.jpg,1
267.jpg,1
268.jpg,1
269.jpg,1
271.jpg,1
272.jpg,1
273.jpg,1
274.jpg,0
275.jpg,1
277.jpg,1
278.jpg,1
279.jpg,1
280.jpg,1
281.jpg,1
282.jpg,0
283.jpg,1
284.jpg,1
286.jpg,1
288.jpg,1
289.jpg,1
291.jpg,1
292.jpg,0
293.jpg,1
294.jpg,1
297.jpg,1
298.jpg,1
299.jpg,1
300.jpg,1
301.jpg,1
302.jpg,1
303.jpg,1
304.jpg,1
305.jpg,1
307.jpg,1
311.jpg,1
312.jpg,1
313.jpg,1
314.jpg,1
315.jpg,1
316.jpg,1
317.jpg,1
318.jpg,1
319.jpg,1
320.jpg,1
321.jpg,0
322.jpg,1
324.jpg,1
326.jpg,1
327.jpg,1
328.jpg,1
329.jpg,1
330.jpg,1
331.jpg,0
335.jpg,1
337.jpg,1
343.jpg,1
344.jpg,1
345.jpg,1
347.jpg,1
348.jpg,1
349.jpg,0
350.jpg,1
351.jpg,1
352.jpg,1
353.jpg,1
354.jpg,1
355.jpg,1
356.jpg,1
357.jpg,0
358.jpg,1
360.jpg,1
362.jpg,1
363.jpg,1
364.jpg,1
365.jpg,1
366.jpg,1
367.jpg,1
368.jpg,0
369.jpg,1
370.jpg,1
372.jpg,1
374.jpg,1
376.jpg,1
378.jpg,1
379.jpg,1
382.jpg,0
383.jpg,1
385.jpg,1
386.jpg,1
387.jpg,1
388.jpg,1
389.jpg,1
396.jpg,1
397.jpg,1
400.jpg,0
401.jpg,1
402.jpg,1
403.jpg,1
404.jpg,1
406.jpg,1
408.jpg,1
409.jpg,1
410.jpg,0
411.jpg,1
412.jpg,1
413.jpg,1
414.jpg,1
415.jpg,1
416.jpg,1
417.jpg,1
418.jpg,0
419.jpg,1
420.jpg,1
421.jpg,1
422.jpg,1
423.jpg,1
424.jpg,1
425.jpg,1
427.jpg,1
428.jpg,1
430.jpg,1
432.jpg,1
435.jpg,1
436.jpg,0
437.jpg,1
438.jpg,1
441.jpg,1
443.jpg,1
444.jpg,1
445.jpg,1
446.jpg,1
448.jpg,1
449.jpg,1
453.jpg,1
456.jpg,1
457.jpg,1
458.jpg,1
459.jpg,1
460.jpg,1
463.jpg,1
466.jpg,1
469.jpg,1
470.jpg,1
471.jpg,1
472.jpg,1
473.jpg,1
474.jpg,0
477.jpg,1
480.jpg,1
482.jpg,1
483.jpg,1
484.jpg,1
486.jpg,1
489.jpg,1
490.jpg,1
491.jpg,0
492.jpg,1
493.jpg,1
495.jpg,1
497.jpg,1
498.jpg,1
502.jpg,1
503.jpg,1
743.jpg,1
745.jpg,0
747.jpg,1
748.jpg,1
749.jpg,1
752.jpg,1
753.jpg,1
754.jpg,1
756.jpg,1
758.jpg,1
761.jpg,1
762.jpg,0
763.jpg,1
764.jpg,1
765.jpg,1
766.jpg,1
767.jpg,1
768.jpg,0
769.jpg,1
770.jpg,1
771.jpg,1
772.jpg,1
773.jpg,1
774.jpg,1
775.jpg,1
779.jpg,1
781.jpg,1
782.jpg,1
783.jpg,1
784.jpg,1
785.jpg,1
786.jpg,0
788.jpg,1
789.jpg,1
791.jpg,1
792.jpg,1
793.jpg,1
797.jpg,1
798.jpg,1
799.jpg,0
800.jpg,1
801.jpg,1
802.jpg,0
804.jpg,0
805.jpg,0
806.jpg,0
808.jpg,0
810.jpg,0
811.jpg,0
812.jpg,0
813.jpg,0
816.jpg,0
817.jpg,0
819.jpg,0
820.jpg,0
821.jpg,0
823.jpg,0
828.jpg,0
830.jpg,0
831.jpg,0
832.jpg,0
833.jpg,0
835.jpg,0
836.jpg,0
838.jpg,0
840.jpg,0
843.jpg,0
844.jpg,0
845.jpg,0
846.jpg,0
849.jpg,0
850.jpg,0
851.jpg,0
854.jpg,0
855.jpg,0
856.jpg,0
857.jpg,0
858.jpg,0
859.jpg,0
860.jpg,0
861.jpg,0
863.jpg,0
864.jpg,0
865.jpg,0
866.jpg,0
868.jpg,0
870.jpg,0
871.jpg,0
872.jpg,0
874.jpg,0
875.jpg,0
876.jpg,0
877.jpg,0
878.jpg,0
879.jpg,0
880.jpg,0
881.jpg,0
882.jpg,0
883.jpg,0
884.jpg,0
885.jpg,0
887.jpg,0
889.jpg,0
890.jpg,0
892.jpg,0
894.jpg,0
897.jpg,0
899.jpg,0
900.jpg,0
901.jpg,0
902.jpg,0
903.jpg,0
904.jpg,0
905.jpg,0
906.jpg,0
907.jpg,0
908.jpg,0
910.jpg,0
912.jpg,0
913.jpg,0
915.jpg,0
917.jpg,0
919.jpg,0
920.jpg,0
921.jpg,0
923.jpg,0
924.jpg,0
927.jpg,0
928.jpg,0
929.jpg,0
931.jpg,0
932.jpg,0
933.jpg,0
934.jpg,0
935.jpg,0
936.jpg,0
938.jpg,0
939.jpg,0
940.jpg,0
941.jpg,0
944.jpg,0
946.jpg,0
949.jpg,0
950.jpg,0
951.jpg,0
953.jpg,0
954.jpg,0
956.jpg,0
959.jpg,0
960.jpg,0
962.jpg,0
963.jpg,0
964.jpg,0
965.jpg,0
966.jpg,0
967.jpg,0
971.jpg,0
972.jpg,0
973.jpg,0
974.jpg,0
975.jpg,0
978.jpg,0
980.jpg,0
983.jpg,0
984.jpg,0
986.jpg,0
987.jpg,0
989.jpg,0
991.jpg,0
994.jpg,0
996.jpg,0
997.jpg,0
998.jpg,0
999.jpg,0
1000.jpg,0
1001.jpg,0
1002.jpg,0
1004.jpg,0
1005.jpg,0
1006.jpg,0
1011.jpg,0
1012.jpg,0
1015.jpg,0
1017.jpg,0
1019.jpg,0
1021.jpg,0
1024.jpg,0
1025.jpg,0
1026.jpg,0
1027.jpg,0
1028.jpg,0
1029.jpg,0
1032.jpg,0
1033.jpg,0
1034.jpg,0
1035.jpg,0
1036.jpg,0
1037.jpg,0
1038.jpg,0
1039.jpg,0
1042.jpg,0
1045.jpg,0
1046.jpg,0
1047.jpg,0
1048.jpg,0
1049.jpg,0
1051.jpg,0
1052.jpg,0
1053.jpg,0
1054.jpg,0
1057.jpg,0
1061.jpg,0
1062.jpg,0
1063.jpg,0
1066.jpg,0
1068.jpg,1
1069.jpg,1
1070.jpg,1
1073.jpg,1
1074.jpg,1
1075.jpg,0
1076.jpg,1
1079.jpg,1
1080.jpg,1
1081.jpg,1
1083.jpg,1
1084.jpg,1
1085.jpg,0
1086.jpg,1
1089.jpg,1
1090.jpg,1
1091.jpg,1
1093.jpg,1
1094.jpg,1
1095.jpg,1
1096.jpg,1
1097.jpg,1
1098.jpg,1
1099.jpg,1
1100.jpg,1
1101.jpg,1
1102.jpg,1
1103.jpg,1
1105.jpg,1
1106.jpg,1
1110.jpg,1
1111.jpg,1
1113.jpg,1
1115.jpg,1
1116.jpg,0
1117.jpg,1
1118.jpg,1
1120.jpg,1
1122.jpg,1
1123.jpg,1
1124.jpg,1
1125.jpg,0
1126.jpg,0
1127.jpg,1
1128.jpg,1
1129.jpg,1
1132.jpg,1
1135.jpg,1
1136.jpg,1
1137.jpg,1
1138.jpg,1
1139.jpg,1
1140.jpg,0
1141.jpg,1
1143.jpg,1
1144.jpg,1
1145.jpg,1
1146.jpg,1
1147.jpg,1
1148.jpg,1
1149.jpg,1
1150.jpg,1
1151.jpg,1
1152.jpg,1
1153.jpg,1
1154.jpg,0
1155.jpg,1
1156.jpg,1
1157.jpg,1
1158.jpg,1
1159.jpg,1
1160.jpg,0
1161.jpg,1
1163.jpg,1
1166.jpg,1
1167.jpg,1
1168.jpg,1
1170.jpg,1
1171.jpg,1
1172.jpg,0
1173.jpg,1
1174.jpg,1
1177.jpg,1
1178.jpg,1
1179.jpg,1
1180.jpg,1
1181.jpg,1
1185.jpg,0
1186.jpg,1
1187.jpg,1
1188.jpg,1
1189.jpg,1
1190.jpg,1
1193.jpg,1
1195.jpg,1
1197.jpg,1
1198.jpg,1
1200.jpg,1
1201.jpg,1
1202.jpg,1
1204.jpg,1
1205.jpg,1
1206.jpg,1
1207.jpg,0
1208.jpg,1
1209.jpg,1
1210.jpg,1
1212.jpg,1
1213.jpg,1
1214.jpg,1
1216.jpg,1
1217.jpg,1
1220.jpg,0
1221.jpg,1
1224.jpg,1
1228.jpg,1
1230.jpg,1
1231.jpg,1
1235.jpg,1
1236.jpg,1
1237.jpg,0
1238.jpg,1
1240.jpg,1
1242.jpg,1
1244.jpg,1
1246.jpg,1
1248.jpg,1
1249.jpg,1
1250.jpg,1
1251.jpg,1
1252.jpg,1
1255.jpg,1
1256.jpg,1
1257.jpg,0
1258.jpg,1
1261.jpg,1
1262.jpg,1
1263.jpg,1
1264.jpg,1
1266.jpg,1
1268.jpg,0
1269.jpg,1
1271.jpg,1
1273.jpg,1
1274.jpg,1
1276.jpg,1
1277.jpg,1
1278.jpg,1
1279.jpg,0
1280.jpg,1
1283.jpg,1
1284.jpg,1
1285.jpg,1
1288.jpg,1
1289.jpg,1
1290.jpg,1
1291.jpg,0
1292.jpg,1
1293.jpg,1
1295.jpg,1
1296.jpg,1
1299.jpg,1
1303.jpg,1
1304.jpg,1
1305.jpg,1
1306.jpg,1
1307.jpg,0
1309.jpg,1
1310.jpg,1
1311.jpg,1
1312.jpg,1
1315.jpg,1
1316.jpg,1
1318.jpg,1
1319.jpg,0
1320.jpg,1
1322.jpg,1
1323.jpg,1
1325.jpg,1
1327.jpg,0
1329.jpg,1
1331.jpg,1
1332.jpg,1
1333.jpg,1
1334.jpg,1
1336.jpg,1
1338.jpg,1
1339.jpg,1
1340.jpg,0
1341.jpg,0
1342.jpg,0
1343.jpg,1
1344.jpg,1
1345.jpg,1
1347.jpg,1
1348.jpg,1
1349.jpg,1
1353.jpg,1
1354.jpg,1
1356.jpg,0
1357.jpg,1
1358.jpg,1
1360.jpg,1
1363.jpg,1
1364.jpg,1
1365.jpg,1
1367.jpg,1
1371.jpg,1
1372.jpg,0
1373.jpg,1
1374.jpg,1
1375.jpg,1
1376.jpg,1
1379.jpg,1
1381.jpg,1
1382.jpg,0
1383.jpg,1
1384.jpg,1
1385.jpg,1
1387.jpg,1
1389.jpg,1
1391.jpg,1
1392.jpg,1
1393.jpg,1
1395.jpg,1
1396.jpg,1
1397.jpg,1
1399.jpg,1
1401.jpg,1
1403.jpg,1
1405.jpg,0
1406.jpg,1
1407.jpg,1
1408.jpg,1
1409.jpg,1
1410.jpg,1
1411.jpg,1
1412.jpg,1
1413.jpg,0
1414.jpg,1
1415.jpg,1
1418.jpg,1
1419.jpg,1
1420.jpg,0
1421.jpg,0
1422.jpg,1
1423.jpg,1
1425.jpg,0
1426.jpg,1
1427.jpg,1
1428.jpg,1
1429.jpg,1
1430.jpg,1
1431.jpg,1
1432.jpg,1
1433.jpg,1
1438.jpg,1
1439.jpg,1
1448.jpg,1
1459.jpg,1
1464.jpg,1
1465.jpg,1
1466.jpg,0
1468.jpg,1
1469.jpg,1
1472.jpg,1
1473.jpg,1
1475.jpg,1
1476.jpg,1
1477.jpg,1
1478.jpg,1
1479.jpg,1
1480.jpg,1
1481.jpg,1
1483.jpg,1
1484.jpg,1
1487.jpg,1
1488.jpg,0
1489.jpg,1
1490.jpg,1
1491.jpg,1
1492.jpg,1
1493.jpg,1
1495.jpg,1
1496.jpg,1
1497.jpg,1
1498.jpg,0
1499.jpg,1
1501.jpg,1
1506.jpg,1
1508.jpg,1
1509.jpg,1
1510.jpg,1
1511.jpg,1
1512.jpg,0
1513.jpg,1
1514.jpg,1
1515.jpg,1
1516.jpg,1
1517.jpg,1
1518.jpg,1
1519.jpg,1
1520.jpg,1
1521.jpg,1
1522.jpg,1
1523.jpg,0
1524.jpg,1
1525.jpg,1
1526.jpg,1
1527.jpg,1
1528.jpg,1
1529.jpg,1
1530.jpg,1
1532.jpg,1
1535.jpg,1
1536.jpg,1
1538.jpg,1
1539.jpg,1
1541.jpg,0
1542.jpg,0
1544.jpg,1
1547.jpg,1
1548.jpg,1
1550.jpg,1
1551.jpg,1
1553.jpg,1
1554.jpg,1
1555.jpg,1
1556.jpg,1
1557.jpg,1
1558.jpg,1
1562.jpg,1
1563.jpg,1
1564.jpg,1
1565.jpg,1
1567.jpg,0
1568.jpg,1
1569.jpg,1
1571.jpg,1
1573.jpg,1
1574.jpg,1
1575.jpg,0
1578.jpg,1
1580.jpg,1
1581.jpg,1
1582.jpg,1
1583.jpg,1
1584.jpg,1
1586.jpg,1
1587.jpg,1
1588.jpg,0
1589.jpg,1
1591.jpg,1
1592.jpg,1
1593.jpg,1
1594.jpg,1
1596.jpg,1
1598.jpg,1
1600.jpg,0
1603.jpg,1
1604.jpg,1
1606.jpg,1
1609.jpg,1
1610.jpg,1
1611.jpg,1
1614.jpg,1
1615.jpg,0
1617.jpg,1
1618.jpg,1
1622.jpg,1
1623.jpg,1
1624.jpg,1
1626.jpg,1
1627.jpg,1
1628.jpg,1
1629.jpg,0
1633.jpg,1
1634.jpg,1
1635.jpg,1
1636.jpg,1
1638.jpg,0
1640.jpg,1
1641.jpg,1
1642.jpg,1
1644.jpg,1
1645.jpg,1
1648.jpg,0
1649.jpg,1
1650.jpg,1
1651.jpg,1
1654.jpg,1
1655.jpg,1
1656.jpg,1
1657.jpg,1
1658.jpg,1
1660.jpg,1
1661.jpg,0
1664.jpg,1
1666.jpg,1
1668.jpg,1
1669.jpg,1
1670.jpg,1
1672.jpg,1
1675.jpg,1
1676.jpg,1
1677.jpg,1
1678.jpg,1
1679.jpg,1
1681.jpg,0
1683.jpg,1
1686.jpg,1
1687.jpg,1
1688.jpg,1
1689.jpg,1
1690.jpg,1
1691.jpg,1
1692.jpg,1
1698.jpg,1
1700.jpg,1
1701.jpg,1
1702.jpg,1
1703.jpg,1
1704.jpg,1
1705.jpg,1
1707.jpg,1
1708.jpg,1
1709.jpg,1
1713.jpg,1
1714.jpg,1
1716.jpg,1
1718.jpg,1
1719.jpg,1
1721.jpg,0
1722.jpg,1
1723.jpg,1
1724.jpg,1
1726.jpg,1
1727.jpg,1
1728.jpg,1
1729.jpg,0
1730.jpg,1
1731.jpg,1
1732.jpg,1
1734.jpg,1
1735.jpg,1
1737.jpg,1
1738.jpg,1
1739.jpg,1
1740.jpg,0
1742.jpg,1
1744.jpg,1
1745.jpg,1
1746.jpg,0
1748.jpg,1
1749.jpg,1
1750.jpg,1
1753.jpg,1
1755.jpg,1
1756.jpg,1
1757.jpg,1
1758.jpg,0
1761.jpg,1
1763.jpg,1
1764.jpg,1
1766.jpg,1
1767.jpg,1
1768.jpg,1
1770.jpg,1
1772.jpg,0
1774.jpg,0
1775.jpg,1
1776.jpg,1
1778.jpg,1
1779.jpg,1
1780.jpg,1
1781.jpg,1
1782.jpg,1
1783.jpg,1
1784.jpg,0
1785.jpg,1
1786.jpg,1
1787.jpg,1
1788.jpg,1
1790.jpg,1
1792.jpg,1
1793.jpg,1
1794.jpg,1
1798.jpg,1
1800.jpg,1
1801.jpg,1
1802.jpg,1
1803.jpg,1
1805.jpg,1
1807.jpg,0
1808.jpg,1
1809.jpg,1
1810.jpg,1
1811.jpg,1
1812.jpg,0
1813.jpg,1
1814.jpg,1
1815.jpg,1
1817.jpg,1
1818.jpg,1
1820.jpg,1
1822.jpg,0
1823.jpg,0
1825.jpg,0
1826.jpg,0
1827.jpg,0
1830.jpg,0
1831.jpg,0
1832.jpg,0
1833.jpg,0
1834.jpg,0
1835.jpg,0
1836.jpg,0
1837.jpg,0
1838.jpg,0
1841.jpg,0
1842.jpg,0
1843.jpg,0
1845.jpg,0
1846.jpg,0
1847.jpg,0
1848.jpg,0
1850.jpg,0
1851.jpg,0
1853.jpg,0
1855.jpg,0
1856.jpg,0
1857.jpg,0
1858.jpg,0
1860.jpg,0
1861.jpg,0
1862.jpg,0
1863.jpg,0
1865.jpg,0
1866.jpg,0
1867.jpg,0
1868.jpg,0
1869.jpg,0
1870.jpg,0
1871.jpg,0
1873.jpg,0
1874.jpg,0
1875.jpg,0
1877.jpg,0
1879.jpg,0
1880.jpg,0
1881.jpg,0
1882.jpg,0
1883.jpg,0
1884.jpg,0
1885.jpg,0
1886.jpg,0
1888.jpg,0
1889.jpg,0
1890.jpg,0
1893.jpg,0
1895.jpg,0
1896.jpg,0
1898.jpg,0
1900.jpg,0
1901.jpg,0
1902.jpg,0
1904.jpg,0
1905.jpg,0
1906.jpg,0
1908.jpg,0
1909.jpg,0
1911.jpg,0
1912.jpg,0
1913.jpg,0
1914.jpg,0
1915.jpg,0
1916.jpg,0
1917.jpg,0
1918.jpg,0
1920.jpg,0
1922.jpg,0
1925.jpg,0
1927.jpg,0
1928.jpg,0
1929.jpg,0
1930.jpg,0
1931.jpg,0
1932.jpg,0
1934.jpg,0
1935.jpg,0
1936.jpg,0
1938.jpg,0
1940.jpg,0
1941.jpg,0
1942.jpg,0
1944.jpg,0
1945.jpg,0
1946.jpg,0
1947.jpg,0
1948.jpg,0
1949.jpg,0
1951.jpg,0
1952.jpg,0
1953.jpg,0
1954.jpg,0
1955.jpg,0
1956.jpg,0
1957.jpg,0
1958.jpg,0
1960.jpg,0
1961.jpg,0
1963.jpg,0
1964.jpg,0
1965.jpg,0
1966.jpg,0
1967.jpg,0
1970.jpg,0
1971.jpg,0
1972.jpg,0
1973.jpg,0
1975.jpg,0
1976.jpg,0
1977.jpg,0
1978.jpg,0
1979.jpg,0
1980.jpg,0
1981.jpg,0
1983.jpg,0
1984.jpg,0
1985.jpg,0
1987.jpg,0
1989.jpg,0
1992.jpg,0
1993.jpg,0
1995.jpg,0
1996.jpg,0
1997.jpg,0
1998.jpg,0
1999.jpg,0
2001.jpg,0
2002.jpg,0
2003.jpg,0
2004.jpg,0
2005.jpg,0
2007.jpg,0
2008.jpg,0
2009.jpg,0
2011.jpg,0
2012.jpg,0
2013.jpg,0
2014.jpg,0
2016.jpg,0
2017.jpg,0
2020.jpg,0
2023.jpg,0
2024.jpg,0
2025.jpg,0
2026.jpg,0
2028.jpg,0
2029.jpg,0
2031.jpg,0
2032.jpg,0
2034.jpg,0
2038.jpg,0
2040.jpg,0
2041.jpg,0
2042.jpg,0
2043.jpg,0
2045.jpg,0
2046.jpg,0
2047.jpg,0
2051.jpg,0
2052.jpg,0
2053.jpg,0
2054.jpg,0
2055.jpg,0
2056.jpg,0
2057.jpg,0
2059.jpg,0
2060.jpg,0
2061.jpg,0
2062.jpg,0
2063.jpg,0
2064.jpg,0
2065.jpg,0
2066.jpg,0
2067.jpg,0
2068.jpg,0
2069.jpg,0
2070.jpg,0
2071.jpg,0
2072.jpg,0
2073.jpg,0
2074.jpg,0
2075.jpg,0
2076.jpg,0
2077.jpg,0
2078.jpg,0
2079.jpg,0
2082.jpg,0
2083.jpg,0
2084.jpg,0
2085.jpg,0
2087.jpg,0
2088.jpg,0
2090.jpg,0
2092.jpg,0
2093.jpg,0
2094.jpg,0
2095.jpg,0
2096.jpg,0
2099.jpg,0
2100.jpg,0
2101.jpg,0
2102.jpg,0
2104.jpg,0
2105.jpg,0
2107.jpg,0
2108.jpg,0
2109.jpg,0
2110.jpg,0
2113.jpg,0
2116.jpg,0
2118.jpg,0
2120.jpg,0
2121.jpg,0
2123.jpg,0
2124.jpg,0
2126.jpg,0
2130.jpg,0
2131.jpg,0
2132.jpg,0
2133.jpg,0
2134.jpg,0
2135.jpg,0
2137.jpg,0
2138.jpg,0
2139.jpg,0
2140.jpg,0
2141.jpg,0
2143.jpg,0
2144.jpg,0
2145.jpg,0
2146.jpg,0
2147.jpg,0
2150.jpg,0
2151.jpg,1
2153.jpg,0
2155.jpg,1
2156.jpg,1
2159.jpg,1
2160.jpg,1
2162.jpg,1
2163.jpg,1
2165.jpg,1
2166.jpg,1
2167.jpg,1
2168.jpg,1
2171.jpg,1
2172.jpg,1
2173.jpg,1
2174.jpg,0
2175.jpg,0
2176.jpg,0
2177.jpg,0
2178.jpg,0
2179.jpg,0
2180.jpg,0
2182.jpg,0
2183.jpg,0
2185.jpg,0
2187.jpg,0
2190.jpg,0
2191.jpg,0
2192.jpg,0
2195.jpg,0
2196.jpg,0
2197.jpg,0
2198.jpg,0
2199.jpg,0
2201.jpg,0
2202.jpg,0
2203.jpg,0
2204.jpg,0
2205.jpg,0
2206.jpg,0
2208.jpg,0
2209.jpg,0
2210.jpg,0
2212.jpg,0
2213.jpg,0
2214.jpg,0
2215.jpg,0
2218.jpg,0
2219.jpg,0
2226.jpg,0
2227.jpg,0
2229.jpg,0
2232.jpg,0
2234.jpg,0
2235.jpg,0
2236.jpg,0
2237.jpg,0
2238.jpg,0
2239.jpg,0
2240.jpg,0
2241.jpg,0
2243.jpg,0
2244.jpg,0
2245.jpg,0
2246.jpg,0
2249.jpg,0
2254.jpg,0
2256.jpg,0
2257.jpg,0
2258.jpg,0
2259.jpg,0
2261.jpg,0
2262.jpg,0
2265.jpg,0
2266.jpg,0
2267.jpg,0
2268.jpg,0
2269.jpg,0
2270.jpg,0
2272.jpg,0
2273.jpg,0
2274.jpg,0
2276.jpg,0
2278.jpg,0
2279.jpg,0
2280.jpg,0
